label,,Unnamed: 0.1,Unnamed: 0,image_lien,image_id,observation,label,image_url,user,date,gbif_info/kingdom,gbif_info/family,gbif_info/speciesKey,gbif_info/rank,gbif_info/phylum,gbif_info/orderKey,gbif_info/species,gbif_info/confidence,gbif_info/classKey,gbif_info/matchType,gbif_info/familyKey,gbif_info/status,gbif_info/usageKey,gbif_info/kingdomKey,gbif_info/genusKey,gbif_info/canonicalName,gbif_info/phylumKey,gbif_info/class,gbif_info/synonym,gbif_info/scientificName,gbif_info/genus,gbif_info/order,thumbnail,location,gbif_info/note,gbif_info,file_exists,folder,label_id
Deconica coprophila,9445,9445,554159,593825.jpg,593825,229174,Deconica coprophila,http://mushroomobserver.org/images/320/593825,2250,2016-01-25 15:23:09,Fungi,Strophariaceae,5242467.0,SPECIES,Basidiomycota,1499.0,Psilocybe coprophila,97.0,186.0,EXACT,4186.0,SYNONYM,2533518.0,5.0,2526775.0,Deconica coprophila,34.0,Agaricomycetes,True,"Deconica coprophila (Bull.) Fr., 1821",Psilocybe,Agaricales,0,13109.0,2 synonym homonyms,,True,psilocybe__psilocybe_coprophila,0
Deconica coprophila,9651,9651,585548,627218.jpg,627218,242080,Deconica coprophila,http://mushroomobserver.org/images/320/627218,123,2016-06-17 20:29:34,Fungi,Strophariaceae,5242467.0,SPECIES,Basidiomycota,1499.0,Psilocybe coprophila,97.0,186.0,EXACT,4186.0,SYNONYM,2533518.0,5.0,2526775.0,Deconica coprophila,34.0,Agaricomycetes,True,"Deconica coprophila (Bull.) Fr., 1821",Psilocybe,Agaricales,0,8138.0,2 synonym homonyms,,True,psilocybe__psilocybe_coprophila,0
Deconica coprophila,1896,1896,87984,93683.jpg,93683,48533,Deconica coprophila,http://mushroomobserver.org/images/320/93683,5,2010-07-14 16:26:48,Fungi,Strophariaceae,5242467.0,SPECIES,Basidiomycota,1499.0,Psilocybe coprophila,97.0,186.0,EXACT,4186.0,SYNONYM,2533518.0,5.0,2526775.0,Deconica coprophila,34.0,Agaricomycetes,True,"Deconica coprophila (Bull.) Fr., 1821",Psilocybe,Agaricales,1,4898.0,2 synonym homonyms,,True,psilocybe__psilocybe_coprophila,0
Deconica coprophila,9771,9771,609414,652542.jpg,652542,249780,Deconica coprophila,http://mushroomobserver.org/images/320/652542,7439,2016-08-27 12:29:11,Fungi,Strophariaceae,5242467.0,SPECIES,Basidiomycota,1499.0,Psilocybe coprophila,97.0,186.0,EXACT,4186.0,SYNONYM,2533518.0,5.0,2526775.0,Deconica coprophila,34.0,Agaricomycetes,True,"Deconica coprophila (Bull.) Fr., 1821",Psilocybe,Agaricales,0,12139.0,2 synonym homonyms,,True,psilocybe__psilocybe_coprophila,0
Psilocybe allenii,224,224,8204,8483.jpg,8483,5035,Psilocybe allenii,http://mushroomobserver.org/images/320/8483,123,2007-11-20 01:50:50,Fungi,Strophariaceae,8351552.0,SPECIES,Basidiomycota,1499.0,Psilocybe allenii,98.0,186.0,EXACT,4186.0,ACCEPTED,8351552.0,5.0,2526775.0,Psilocybe allenii,34.0,Agaricomycetes,False,"Psilocybe allenii Borovicka, Rockefeller & P.G. Werner, 2012",Psilocybe,Agaricales,0,117.0,,,True,psilocybe__psilocybe_allenii,4
Psilocybe allenii,1573,1573,63995,67349.jpg,67349,29302,Psilocybe allenii,http://mushroomobserver.org/images/320/67349,123,2009-12-01 05:25:22,Fungi,Strophariaceae,8351552.0,SPECIES,Basidiomycota,1499.0,Psilocybe allenii,98.0,186.0,EXACT,4186.0,ACCEPTED,8351552.0,5.0,2526775.0,Psilocybe allenii,34.0,Agaricomycetes,False,"Psilocybe allenii Borovicka, Rockefeller & P.G. Werner, 2012",Psilocybe,Agaricales,0,747.0,,,True,psilocybe__psilocybe_allenii,4
Psilocybe allenii,8904,8904,457156,490784.jpg,490784,192892,Psilocybe allenii,http://mushroomobserver.org/images/320/490784,911,2014-12-09 22:54:56,Fungi,Strophariaceae,8351552.0,SPECIES,Basidiomycota,1499.0,Psilocybe allenii,98.0,186.0,EXACT,4186.0,ACCEPTED,8351552.0,5.0,2526775.0,Psilocybe allenii,34.0,Agaricomycetes,False,"Psilocybe allenii Borovicka, Rockefeller & P.G. Werner, 2012",Psilocybe,Agaricales,1,9618.0,,,True,psilocybe__psilocybe_allenii,4
Psilocybe allenii,1488,1488,57974,61105.jpg,61105,26833,Psilocybe allenii,http://mushroomobserver.org/images/320/61105,123,2009-10-19 02:19:34,Fungi,Strophariaceae,8351552.0,SPECIES,Basidiomycota,1499.0,Psilocybe allenii,98.0,186.0,EXACT,4186.0,ACCEPTED,8351552.0,5.0,2526775.0,Psilocybe allenii,34.0,Agaricomycetes,False,"Psilocybe allenii Borovicka, Rockefeller & P.G. Werner, 2012",Psilocybe,Agaricales,0,747.0,,,True,psilocybe__psilocybe_allenii,4
Psilocybe aztecorum,6422,6422,333824,357618.jpg,357618,142666,Psilocybe aztecorum,http://mushroomobserver.org/images/320/357618,123,2013-08-14 21:11:47,Fungi,Strophariaceae,5242509.0,SPECIES,Basidiomycota,1499.0,Psilocybe aztecorum,98.0,186.0,EXACT,4186.0,ACCEPTED,5242509.0,5.0,2526775.0,Psilocybe aztecorum,34.0,Agaricomycetes,False,"Psilocybe aztecorum R. Heim, 1957",Psilocybe,Agaricales,0,1210.0,,,True,psilocybe__psilocybe_aztecorum,7
Psilocybe aztecorum,7325,7325,360211,385088.jpg,385088,152193,Psilocybe aztecorum,http://mushroomobserver.org/images/320/385088,123,2013-11-15 08:25:04,Fungi,Strophariaceae,5242509.0,SPECIES,Basidiomycota,1499.0,Psilocybe aztecorum,98.0,186.0,EXACT,4186.0,ACCEPTED,5242509.0,5.0,2526775.0,Psilocybe aztecorum,34.0,Agaricomycetes,False,"Psilocybe aztecorum R. Heim, 1957",Psilocybe,Agaricales,0,8591.0,,,True,psilocybe__psilocybe_aztecorum,7
Psilocybe aztecorum,4430,4430,250633,270837.jpg,270837,113029,Psilocybe aztecorum,http://mushroomobserver.org/images/320/270837,123,2012-10-10 02:06:14,Fungi,Strophariaceae,5242509.0,SPECIES,Basidiomycota,1499.0,Psilocybe aztecorum,98.0,186.0,EXACT,4186.0,ACCEPTED,5242509.0,5.0,2526775.0,Psilocybe aztecorum,34.0,Agaricomycetes,False,"Psilocybe aztecorum R. Heim, 1957",Psilocybe,Agaricales,0,4148.0,,,True,psilocybe__psilocybe_aztecorum,7
Psilocybe aztecorum,2088,2088,100045,106727.jpg,106727,53484,Psilocybe aztecorum,http://mushroomobserver.org/images/320/106727,123,2010-09-22 07:57:24,Fungi,Strophariaceae,5242509.0,SPECIES,Basidiomycota,1499.0,Psilocybe aztecorum,98.0,186.0,EXACT,4186.0,ACCEPTED,5242509.0,5.0,2526775.0,Psilocybe aztecorum,34.0,Agaricomycetes,False,"Psilocybe aztecorum R. Heim, 1957",Psilocybe,Agaricales,0,1210.0,,,True,psilocybe__psilocybe_aztecorum,7
Psilocybe azurescens,4911,4911,261842,282131.jpg,282131,116562,Psilocybe azurescens,http://mushroomobserver.org/images/320/282131,3610,2012-11-13 04:49:01,Fungi,Strophariaceae,5242469.0,SPECIES,Basidiomycota,1499.0,Psilocybe azurescens,98.0,186.0,EXACT,4186.0,ACCEPTED,5242469.0,5.0,2526775.0,Psilocybe azurescens,34.0,Agaricomycetes,False,"Psilocybe azurescens Stamets & Gartz, 1995",Psilocybe,Agaricales,0,251.0,,,True,psilocybe__psilocybe_azurescens,9
Psilocybe azurescens,8775,8775,452076,485470.jpg,485470,189590,Psilocybe azurescens,http://mushroomobserver.org/images/320/485470,3525,2014-11-26 04:48:40,Fungi,Strophariaceae,5242469.0,SPECIES,Basidiomycota,1499.0,Psilocybe azurescens,98.0,186.0,EXACT,4186.0,ACCEPTED,5242469.0,5.0,2526775.0,Psilocybe azurescens,34.0,Agaricomycetes,False,"Psilocybe azurescens Stamets & Gartz, 1995",Psilocybe,Agaricales,0,251.0,,,True,psilocybe__psilocybe_azurescens,9
Psilocybe azurescens,8574,8574,443223,475937.jpg,475937,186195,Psilocybe azurescens,http://mushroomobserver.org/images/320/475937,3525,2014-10-29 05:14:27,Fungi,Strophariaceae,5242469.0,SPECIES,Basidiomycota,1499.0,Psilocybe azurescens,98.0,186.0,EXACT,4186.0,ACCEPTED,5242469.0,5.0,2526775.0,Psilocybe azurescens,34.0,Agaricomycetes,False,"Psilocybe azurescens Stamets & Gartz, 1995",Psilocybe,Agaricales,0,251.0,,,True,psilocybe__psilocybe_azurescens,9
Psilocybe azurescens,2573,2573,114816,123010.jpg,123010,59758,Psilocybe azurescens,http://mushroomobserver.org/images/320/123010,1371,2010-11-26 19:14:21,Fungi,Strophariaceae,5242469.0,SPECIES,Basidiomycota,1499.0,Psilocybe azurescens,98.0,186.0,EXACT,4186.0,ACCEPTED,5242469.0,5.0,2526775.0,Psilocybe azurescens,34.0,Agaricomycetes,False,"Psilocybe azurescens Stamets & Gartz, 1995",Psilocybe,Agaricales,0,1278.0,,,True,psilocybe__psilocybe_azurescens,9
Psilocybe baeocystis,8472,8472,433996,466662.jpg,466662,181827,Psilocybe baeocystis,http://mushroomobserver.org/images/320/466662,3610,2014-10-06 23:40:51,Fungi,Strophariaceae,5459461.0,SPECIES,Basidiomycota,1499.0,Psilocybe baeocystis,98.0,186.0,EXACT,4186.0,ACCEPTED,5459461.0,5.0,2526775.0,Psilocybe baeocystis,34.0,Agaricomycetes,False,"Psilocybe baeocystis Singer & A.H. Sm., 1958",Psilocybe,Agaricales,0,6637.0,,,True,psilocybe__psilocybe_baeocystis,10
Psilocybe baeocystis,8606,8606,444736,477119.jpg,477119,186887,Psilocybe baeocystis,http://mushroomobserver.org/images/320/477119,3525,2014-11-01 18:11:35,Fungi,Strophariaceae,5459461.0,SPECIES,Basidiomycota,1499.0,Psilocybe baeocystis,98.0,186.0,EXACT,4186.0,ACCEPTED,5459461.0,5.0,2526775.0,Psilocybe baeocystis,34.0,Agaricomycetes,False,"Psilocybe baeocystis Singer & A.H. Sm., 1958",Psilocybe,Agaricales,0,251.0,,,True,psilocybe__psilocybe_baeocystis,10
Psilocybe baeocystis,6592,6592,348190,372579.jpg,372579,147328,Psilocybe baeocystis,http://mushroomobserver.org/images/320/372579,3610,2013-10-05 00:48:47,Fungi,Strophariaceae,5459461.0,SPECIES,Basidiomycota,1499.0,Psilocybe baeocystis,98.0,186.0,EXACT,4186.0,ACCEPTED,5459461.0,5.0,2526775.0,Psilocybe baeocystis,34.0,Agaricomycetes,False,"Psilocybe baeocystis Singer & A.H. Sm., 1958",Psilocybe,Agaricales,0,6637.0,,,True,psilocybe__psilocybe_baeocystis,10
Psilocybe baeocystis,7428,7428,361970,386967.jpg,386967,153398,Psilocybe baeocystis,http://mushroomobserver.org/images/320/386967,3610,2013-11-21 05:48:55,Fungi,Strophariaceae,5459461.0,SPECIES,Basidiomycota,1499.0,Psilocybe baeocystis,98.0,186.0,EXACT,4186.0,ACCEPTED,5459461.0,5.0,2526775.0,Psilocybe baeocystis,34.0,Agaricomycetes,False,"Psilocybe baeocystis Singer & A.H. Sm., 1958",Psilocybe,Agaricales,0,1367.0,,,True,psilocybe__psilocybe_baeocystis,10
Psilocybe caerulescens,331,331,11043,11182.jpg,11182,6695,Psilocybe caerulescens,http://mushroomobserver.org/images/320/11182,123,2008-02-07 07:11:32,Fungi,Strophariaceae,5242497.0,SPECIES,Basidiomycota,1499.0,Psilocybe caerulescens,98.0,186.0,EXACT,4186.0,ACCEPTED,5242497.0,5.0,2526775.0,Psilocybe caerulescens,34.0,Agaricomycetes,False,"Psilocybe caerulescens Murrill, 1923",Psilocybe,Agaricales,0,94.0,,,True,psilocybe__psilocybe_caerulescens,12
Psilocybe caerulescens,308,308,11020,11159.jpg,11159,6695,Psilocybe caerulescens,http://mushroomobserver.org/images/320/11159,123,2008-02-07 07:11:32,Fungi,Strophariaceae,5242497.0,SPECIES,Basidiomycota,1499.0,Psilocybe caerulescens,98.0,186.0,EXACT,4186.0,ACCEPTED,5242497.0,5.0,2526775.0,Psilocybe caerulescens,34.0,Agaricomycetes,False,"Psilocybe caerulescens Murrill, 1923",Psilocybe,Agaricales,0,94.0,,,True,psilocybe__psilocybe_caerulescens,12
Psilocybe caerulescens,2916,2916,139407,149575.jpg,149575,68647,Psilocybe caerulescens,http://mushroomobserver.org/images/320/149575,123,2011-06-05 10:33:22,Fungi,Strophariaceae,5242497.0,SPECIES,Basidiomycota,1499.0,Psilocybe caerulescens,98.0,186.0,EXACT,4186.0,ACCEPTED,5242497.0,5.0,2526775.0,Psilocybe caerulescens,34.0,Agaricomycetes,False,"Psilocybe caerulescens Murrill, 1923",Psilocybe,Agaricales,0,94.0,,,True,psilocybe__psilocybe_caerulescens,12
Psilocybe caerulescens,476,476,12738,13116.jpg,13116,7451,Psilocybe caerulescens,http://mushroomobserver.org/images/320/13116,123,2008-05-05 22:01:49,Fungi,Strophariaceae,5242497.0,SPECIES,Basidiomycota,1499.0,Psilocybe caerulescens,98.0,186.0,EXACT,4186.0,ACCEPTED,5242497.0,5.0,2526775.0,Psilocybe caerulescens,34.0,Agaricomycetes,False,"Psilocybe caerulescens Murrill, 1923",Psilocybe,Agaricales,0,285.0,,,True,psilocybe__psilocybe_caerulescens,12
Psilocybe caerulipes,7611,7611,369123,394805.jpg,394805,156684,Psilocybe caerulipes,http://mushroomobserver.org/images/320/394805,123,2013-12-30 08:49:39,Fungi,Strophariaceae,5242471.0,SPECIES,Basidiomycota,1499.0,Psilocybe caerulipes,98.0,186.0,EXACT,4186.0,ACCEPTED,5242471.0,5.0,2526775.0,Psilocybe caerulipes,34.0,Agaricomycetes,False,"Psilocybe caerulipes (Peck) Sacc., 1887",Psilocybe,Agaricales,0,8827.0,,,True,psilocybe__psilocybe_caerulipes,13
Psilocybe caerulipes,9816,9816,625439,669370.jpg,669370,255142,Psilocybe caerulipes,http://mushroomobserver.org/images/320/669370,5157,2016-10-05 02:56:58,Fungi,Strophariaceae,5242471.0,SPECIES,Basidiomycota,1499.0,Psilocybe caerulipes,98.0,186.0,EXACT,4186.0,ACCEPTED,5242471.0,5.0,2526775.0,Psilocybe caerulipes,34.0,Agaricomycetes,False,"Psilocybe caerulipes (Peck) Sacc., 1887",Psilocybe,Agaricales,0,1875.0,,,True,psilocybe__psilocybe_caerulipes,13
Psilocybe caerulipes,9940,9940,639934,683015.jpg,683015,/observer/show_observation/259682,Psilocybe caerulipes,http://mushroomobserver.org/images/320/683015,/observer/show_user/123,2016-11-01,Fungi,Strophariaceae,5242471.0,SPECIES,Basidiomycota,1499.0,Psilocybe caerulipes,98.0,186.0,EXACT,4186.0,ACCEPTED,5242471.0,5.0,2526775.0,Psilocybe caerulipes,34.0,Agaricomycetes,False,"Psilocybe caerulipes (Peck) Sacc., 1887",Psilocybe,Agaricales,0,/location/show_location/8297,,,True,psilocybe__psilocybe_caerulipes,13
Psilocybe caerulipes,9817,9817,626985,670985.jpg,670985,255703,Psilocybe caerulipes,http://mushroomobserver.org/images/320/670985,9365,2016-10-08 16:07:31,Fungi,Strophariaceae,5242471.0,SPECIES,Basidiomycota,1499.0,Psilocybe caerulipes,98.0,186.0,EXACT,4186.0,ACCEPTED,5242471.0,5.0,2526775.0,Psilocybe caerulipes,34.0,Agaricomycetes,False,"Psilocybe caerulipes (Peck) Sacc., 1887",Psilocybe,Agaricales,1,4609.0,,,True,psilocybe__psilocybe_caerulipes,13
Psilocybe cubensis,8938,8938,459239,493093.jpg,493093,193701,Psilocybe cubensis,http://mushroomobserver.org/images/320/493093,5156,2014-12-15 07:04:47,Fungi,Strophariaceae,5242510.0,SPECIES,Basidiomycota,1499.0,Psilocybe cubensis,98.0,186.0,EXACT,4186.0,ACCEPTED,5242510.0,5.0,2526775.0,Psilocybe cubensis,34.0,Agaricomycetes,False,"Psilocybe cubensis (Earle) Singer, 1948",Psilocybe,Agaricales,1,8507.0,,,True,psilocybe__psilocybe_cubensis,14
Psilocybe cubensis,9647,9647,584994,626601.jpg,626601,241763,Psilocybe cubensis,http://mushroomobserver.org/images/320/626601,123,2016-06-16 04:58:58,Fungi,Strophariaceae,5242510.0,SPECIES,Basidiomycota,1499.0,Psilocybe cubensis,98.0,186.0,EXACT,4186.0,ACCEPTED,5242510.0,5.0,2526775.0,Psilocybe cubensis,34.0,Agaricomycetes,False,"Psilocybe cubensis (Earle) Singer, 1948",Psilocybe,Agaricales,1,6483.0,,,True,psilocybe__psilocybe_cubensis,14
Psilocybe cubensis,3834,3834,189279,204673.jpg,204673,89371,Psilocybe cubensis,http://mushroomobserver.org/images/320/204673,3056,2012-03-15 03:35:53,Fungi,Strophariaceae,5242510.0,SPECIES,Basidiomycota,1499.0,Psilocybe cubensis,98.0,186.0,EXACT,4186.0,ACCEPTED,5242510.0,5.0,2526775.0,Psilocybe cubensis,34.0,Agaricomycetes,False,"Psilocybe cubensis (Earle) Singer, 1948",Psilocybe,Agaricales,1,812.0,,,True,psilocybe__psilocybe_cubensis,14
Psilocybe cubensis,6568,6568,345853,370145.jpg,370145,146528,Psilocybe cubensis,http://mushroomobserver.org/images/320/370145,3160,2013-09-26 20:35:23,Fungi,Strophariaceae,5242510.0,SPECIES,Basidiomycota,1499.0,Psilocybe cubensis,98.0,186.0,EXACT,4186.0,ACCEPTED,5242510.0,5.0,2526775.0,Psilocybe cubensis,34.0,Agaricomycetes,False,"Psilocybe cubensis (Earle) Singer, 1948",Psilocybe,Agaricales,0,4379.0,,,True,psilocybe__psilocybe_cubensis,14
Psilocybe cyanescens,1650,1650,68060,72107.jpg,72107,31080,Psilocybe cyanescens,http://mushroomobserver.org/images/320/72107,1860,2009-12-30 21:58:00,Fungi,Strophariaceae,5242465.0,SPECIES,Basidiomycota,1499.0,Psilocybe cyanescens,98.0,186.0,EXACT,4186.0,ACCEPTED,5242465.0,5.0,2526775.0,Psilocybe cyanescens,34.0,Agaricomycetes,False,"Psilocybe cyanescens Wakef., 1946",Psilocybe,Agaricales,0,845.0,,,True,psilocybe__psilocybe_cyanescens,15
Psilocybe cyanescens,8435,8435,431875,478842.jpg,478842,181057,Psilocybe cyanescens,http://mushroomobserver.org/images/320/478842,3610,2014-10-01 07:46:26,Fungi,Strophariaceae,5242465.0,SPECIES,Basidiomycota,1499.0,Psilocybe cyanescens,98.0,186.0,EXACT,4186.0,ACCEPTED,5242465.0,5.0,2526775.0,Psilocybe cyanescens,34.0,Agaricomycetes,False,"Psilocybe cyanescens Wakef., 1946",Psilocybe,Agaricales,0,6637.0,,,True,psilocybe__psilocybe_cyanescens,15
Psilocybe cyanescens,5491,5491,269841,290480.jpg,290480,119136,Psilocybe cyanescens,http://mushroomobserver.org/images/320/290480,1566,2012-12-06 22:52:43,Fungi,Strophariaceae,5242465.0,SPECIES,Basidiomycota,1499.0,Psilocybe cyanescens,98.0,186.0,EXACT,4186.0,ACCEPTED,5242465.0,5.0,2526775.0,Psilocybe cyanescens,34.0,Agaricomycetes,False,"Psilocybe cyanescens Wakef., 1946",Psilocybe,Agaricales,1,4084.0,,,True,psilocybe__psilocybe_cyanescens,15
Psilocybe cyanescens,1607,1607,66344,70030.jpg,70030,30405,Psilocybe cyanescens,http://mushroomobserver.org/images/320/70030,941,2009-12-16 01:00:13,Fungi,Strophariaceae,5242465.0,SPECIES,Basidiomycota,1499.0,Psilocybe cyanescens,98.0,186.0,EXACT,4186.0,ACCEPTED,5242465.0,5.0,2526775.0,Psilocybe cyanescens,34.0,Agaricomycetes,False,"Psilocybe cyanescens Wakef., 1946",Psilocybe,Agaricales,0,103.0,,,True,psilocybe__psilocybe_cyanescens,15
Psilocybe fagicola,3268,3268,161433,174701.jpg,174701,79469,Psilocybe fagicola,http://mushroomobserver.org/images/320/174701,123,2011-10-13 22:17:46,Fungi,Strophariaceae,7243160.0,SPECIES,Basidiomycota,1499.0,Psilocybe fagicola,98.0,186.0,EXACT,4186.0,ACCEPTED,7243160.0,5.0,2526775.0,Psilocybe fagicola,34.0,Agaricomycetes,False,"Psilocybe fagicola R. Heim & Cailleux, 1959",Psilocybe,Agaricales,0,4038.0,,,True,psilocybe__psilocybe_fagicola,18
Psilocybe fagicola,8321,8321,415121,444471.jpg,444471,173710,Psilocybe fagicola,http://mushroomobserver.org/images/320/444471,123,2014-08-13 02:28:45,Fungi,Strophariaceae,7243160.0,SPECIES,Basidiomycota,1499.0,Psilocybe fagicola,98.0,186.0,EXACT,4186.0,ACCEPTED,7243160.0,5.0,2526775.0,Psilocybe fagicola,34.0,Agaricomycetes,False,"Psilocybe fagicola R. Heim & Cailleux, 1959",Psilocybe,Agaricales,1,9862.0,,,True,psilocybe__psilocybe_fagicola,18
Psilocybe fagicola,3376,3376,163504,176328.jpg,176328,80125,Psilocybe fagicola,http://mushroomobserver.org/images/320/176328,123,2011-10-21 02:08:52,Fungi,Strophariaceae,7243160.0,SPECIES,Basidiomycota,1499.0,Psilocybe fagicola,98.0,186.0,EXACT,4186.0,ACCEPTED,7243160.0,5.0,2526775.0,Psilocybe fagicola,34.0,Agaricomycetes,False,"Psilocybe fagicola R. Heim & Cailleux, 1959",Psilocybe,Agaricales,0,4038.0,,,True,psilocybe__psilocybe_fagicola,18
Psilocybe fagicola,4765,4765,255278,287888.jpg,287888,114476,Psilocybe fagicola,http://mushroomobserver.org/images/320/287888,123,2012-10-25 21:00:21,Fungi,Strophariaceae,7243160.0,SPECIES,Basidiomycota,1499.0,Psilocybe fagicola,98.0,186.0,EXACT,4186.0,ACCEPTED,7243160.0,5.0,2526775.0,Psilocybe fagicola,34.0,Agaricomycetes,False,"Psilocybe fagicola R. Heim & Cailleux, 1959",Psilocybe,Agaricales,0,4038.0,,,True,psilocybe__psilocybe_fagicola,18
Psilocybe mexicana,640,640,18539,19170.jpg,19170,10274,Psilocybe mexicana,http://mushroomobserver.org/images/320/19170,123,2008-09-01 07:49:14,Fungi,Strophariaceae,5242538.0,SPECIES,Basidiomycota,1499.0,Psilocybe mexicana,98.0,186.0,EXACT,4186.0,ACCEPTED,5242538.0,5.0,2526775.0,Psilocybe mexicana,34.0,Agaricomycetes,False,"Psilocybe mexicana R. Heim, 1957",Psilocybe,Agaricales,0,4333.0,,,True,psilocybe__psilocybe_mexicana,26
Psilocybe mexicana,2065,2065,99460,106087.jpg,106087,53274,Psilocybe mexicana,http://mushroomobserver.org/images/320/106087,1770,2010-09-19 20:46:47,Fungi,Strophariaceae,5242538.0,SPECIES,Basidiomycota,1499.0,Psilocybe mexicana,98.0,186.0,EXACT,4186.0,ACCEPTED,5242538.0,5.0,2526775.0,Psilocybe mexicana,34.0,Agaricomycetes,False,"Psilocybe mexicana R. Heim, 1957",Psilocybe,Agaricales,1,897.0,,,True,psilocybe__psilocybe_mexicana,26
Psilocybe mexicana,2281,2281,104640,111764.jpg,111764,55412,Psilocybe mexicana,http://mushroomobserver.org/images/320/111764,1770,2010-10-13 01:47:19,Fungi,Strophariaceae,5242538.0,SPECIES,Basidiomycota,1499.0,Psilocybe mexicana,98.0,186.0,EXACT,4186.0,ACCEPTED,5242538.0,5.0,2526775.0,Psilocybe mexicana,34.0,Agaricomycetes,False,"Psilocybe mexicana R. Heim, 1957",Psilocybe,Agaricales,1,897.0,,,True,psilocybe__psilocybe_mexicana,26
Psilocybe mexicana,4111,4111,209607,226685.jpg,226685,96947,Psilocybe mexicana,http://mushroomobserver.org/images/320/226685,1770,2012-06-10 17:53:36,Fungi,Strophariaceae,5242538.0,SPECIES,Basidiomycota,1499.0,Psilocybe mexicana,98.0,186.0,EXACT,4186.0,ACCEPTED,5242538.0,5.0,2526775.0,Psilocybe mexicana,34.0,Agaricomycetes,False,"Psilocybe mexicana R. Heim, 1957",Psilocybe,Agaricales,1,897.0,,,True,psilocybe__psilocybe_mexicana,26
Psilocybe muliercula,5875,5875,286878,308411.jpg,308411,128191,Psilocybe muliercula,http://mushroomobserver.org/images/320/308411,123,2013-02-10 10:52:37,Fungi,Strophariaceae,5459506.0,SPECIES,Basidiomycota,1499.0,Psilocybe muliercula,98.0,186.0,EXACT,4186.0,ACCEPTED,5459506.0,5.0,2526775.0,Psilocybe muliercula,34.0,Agaricomycetes,False,"Psilocybe muliercula Singer & A.H. Sm., 1958",Psilocybe,Agaricales,0,1212.0,,,True,psilocybe__psilocybe_muliercula,27
Psilocybe muliercula,2171,2171,101873,108716.jpg,108716,54223,Psilocybe muliercula,http://mushroomobserver.org/images/320/108716,123,2010-10-01 06:37:38,Fungi,Strophariaceae,5459506.0,SPECIES,Basidiomycota,1499.0,Psilocybe muliercula,98.0,186.0,EXACT,4186.0,ACCEPTED,5459506.0,5.0,2526775.0,Psilocybe muliercula,34.0,Agaricomycetes,False,"Psilocybe muliercula Singer & A.H. Sm., 1958",Psilocybe,Agaricales,0,1210.0,,,True,psilocybe__psilocybe_muliercula,27
Psilocybe muliercula,3948,3948,196779,212752.jpg,212752,92653,Psilocybe muliercula,http://mushroomobserver.org/images/320/212752,123,2012-04-13 14:16:02,Fungi,Strophariaceae,5459506.0,SPECIES,Basidiomycota,1499.0,Psilocybe muliercula,98.0,186.0,EXACT,4186.0,ACCEPTED,5459506.0,5.0,2526775.0,Psilocybe muliercula,34.0,Agaricomycetes,False,"Psilocybe muliercula Singer & A.H. Sm., 1958",Psilocybe,Agaricales,0,1210.0,,,True,psilocybe__psilocybe_muliercula,27
Psilocybe muliercula,2187,2187,101946,108728.jpg,108728,54224,Psilocybe muliercula,http://mushroomobserver.org/images/320/108728,123,2010-10-01 06:52:22,Fungi,Strophariaceae,5459506.0,SPECIES,Basidiomycota,1499.0,Psilocybe muliercula,98.0,186.0,EXACT,4186.0,ACCEPTED,5459506.0,5.0,2526775.0,Psilocybe muliercula,34.0,Agaricomycetes,False,"Psilocybe muliercula Singer & A.H. Sm., 1958",Psilocybe,Agaricales,0,1210.0,,,True,psilocybe__psilocybe_muliercula,27
Psilocybe neoxalapensis,9835,9835,628812,672858.jpg,672858,256307,Psilocybe neoxalapensis,http://mushroomobserver.org/images/320/672858,123,2016-10-11 20:15:19,Fungi,Strophariaceae,8012045.0,SPECIES,Basidiomycota,1499.0,Psilocybe neoxalapensis,98.0,186.0,EXACT,4186.0,ACCEPTED,8012045.0,5.0,2526775.0,Psilocybe neoxalapensis,34.0,Agaricomycetes,False,"Psilocybe neoxalapensis Guzmán, Ram.-Guill. & Halling, 2009",Psilocybe,Agaricales,1,4038.0,,,True,psilocybe__psilocybe_neoxalapensis,28
Psilocybe neoxalapensis,7750,7750,376127,403022.jpg,403022,159150,Psilocybe neoxalapensis,http://mushroomobserver.org/images/320/403022,123,2014-02-04 19:05:58,Fungi,Strophariaceae,8012045.0,SPECIES,Basidiomycota,1499.0,Psilocybe neoxalapensis,98.0,186.0,EXACT,4186.0,ACCEPTED,8012045.0,5.0,2526775.0,Psilocybe neoxalapensis,34.0,Agaricomycetes,False,"Psilocybe neoxalapensis Guzmán, Ram.-Guill. & Halling, 2009",Psilocybe,Agaricales,0,8297.0,,,True,psilocybe__psilocybe_neoxalapensis,28
Psilocybe neoxalapensis,8172,8172,405043,441235.jpg,441235,169766,Psilocybe neoxalapensis,http://mushroomobserver.org/images/320/441235,123,2014-07-15 01:14:22,Fungi,Strophariaceae,8012045.0,SPECIES,Basidiomycota,1499.0,Psilocybe neoxalapensis,98.0,186.0,EXACT,4186.0,ACCEPTED,8012045.0,5.0,2526775.0,Psilocybe neoxalapensis,34.0,Agaricomycetes,False,"Psilocybe neoxalapensis Guzmán, Ram.-Guill. & Halling, 2009",Psilocybe,Agaricales,0,9862.0,,,True,psilocybe__psilocybe_neoxalapensis,28
Psilocybe neoxalapensis,7722,7722,376026,403041.jpg,403041,159134,Psilocybe neoxalapensis,http://mushroomobserver.org/images/320/403041,123,2014-02-04 17:20:40,Fungi,Strophariaceae,8012045.0,SPECIES,Basidiomycota,1499.0,Psilocybe neoxalapensis,98.0,186.0,EXACT,4186.0,ACCEPTED,8012045.0,5.0,2526775.0,Psilocybe neoxalapensis,34.0,Agaricomycetes,False,"Psilocybe neoxalapensis Guzmán, Ram.-Guill. & Halling, 2009",Psilocybe,Agaricales,0,8297.0,,,True,psilocybe__psilocybe_neoxalapensis,28
Psilocybe ovoideocystidiata,9542,9542,577053,618261.jpg,618261,238931,Psilocybe ovoideocystidiata,http://mushroomobserver.org/images/320/618261,8685,2016-05-17 20:21:52,Fungi,Strophariaceae,5459336.0,SPECIES,Basidiomycota,1499.0,Psilocybe ovoideocystidiata,98.0,186.0,EXACT,4186.0,ACCEPTED,5459336.0,5.0,2526775.0,Psilocybe ovoideocystidiata,34.0,Agaricomycetes,False,"Psilocybe ovoideocystidiata Guzmán & Gaines, 2007",Psilocybe,Agaricales,0,908.0,,,True,psilocybe__psilocybe_ovoideocystidiata,29
Psilocybe ovoideocystidiata,7934,7934,387935,420447.jpg,420447,163474,Psilocybe ovoideocystidiata,http://mushroomobserver.org/images/320/420447,3610,2014-04-15 17:09:50,Fungi,Strophariaceae,5459336.0,SPECIES,Basidiomycota,1499.0,Psilocybe ovoideocystidiata,98.0,186.0,EXACT,4186.0,ACCEPTED,5459336.0,5.0,2526775.0,Psilocybe ovoideocystidiata,34.0,Agaricomycetes,False,"Psilocybe ovoideocystidiata Guzmán & Gaines, 2007",Psilocybe,Agaricales,0,191.0,,,True,psilocybe__psilocybe_ovoideocystidiata,29
Psilocybe ovoideocystidiata,4003,4003,201752,218090.jpg,218090,94420,Psilocybe ovoideocystidiata,http://mushroomobserver.org/images/320/218090,4011,2012-05-11 12:00:57,Fungi,Strophariaceae,5459336.0,SPECIES,Basidiomycota,1499.0,Psilocybe ovoideocystidiata,98.0,186.0,EXACT,4186.0,ACCEPTED,5459336.0,5.0,2526775.0,Psilocybe ovoideocystidiata,34.0,Agaricomycetes,False,"Psilocybe ovoideocystidiata Guzmán & Gaines, 2007",Psilocybe,Agaricales,0,378.0,,,True,psilocybe__psilocybe_ovoideocystidiata,29
Psilocybe ovoideocystidiata,1800,1800,80142,85066.jpg,85066,45157,Psilocybe ovoideocystidiata,http://mushroomobserver.org/images/320/85066,2236,2010-05-05 08:27:15,Fungi,Strophariaceae,5459336.0,SPECIES,Basidiomycota,1499.0,Psilocybe ovoideocystidiata,98.0,186.0,EXACT,4186.0,ACCEPTED,5459336.0,5.0,2526775.0,Psilocybe ovoideocystidiata,34.0,Agaricomycetes,False,"Psilocybe ovoideocystidiata Guzmán & Gaines, 2007",Psilocybe,Agaricales,1,910.0,,,True,psilocybe__psilocybe_ovoideocystidiata,29
Psilocybe pelliculosa,5354,5354,266824,287321.jpg,287321,118174,Psilocybe pelliculosa,http://mushroomobserver.org/images/320/287321,3525,2012-11-28 03:24:52,Fungi,Strophariaceae,5459396.0,SPECIES,Basidiomycota,1499.0,Psilocybe pelliculosa,98.0,186.0,EXACT,4186.0,ACCEPTED,5459396.0,5.0,2526775.0,Psilocybe pelliculosa,34.0,Agaricomycetes,False,"Psilocybe pelliculosa (A.H. Sm.) Singer & A.H. Sm., 1958",Psilocybe,Agaricales,0,251.0,,,True,psilocybe__psilocybe_pelliculosa,31
Psilocybe pelliculosa,7654,7654,370949,396774.jpg,396774,157251,Psilocybe pelliculosa,http://mushroomobserver.org/images/320/396774,3155,2014-01-06 01:28:00,Fungi,Strophariaceae,5459396.0,SPECIES,Basidiomycota,1499.0,Psilocybe pelliculosa,98.0,186.0,EXACT,4186.0,ACCEPTED,5459396.0,5.0,2526775.0,Psilocybe pelliculosa,34.0,Agaricomycetes,False,"Psilocybe pelliculosa (A.H. Sm.) Singer & A.H. Sm., 1958",Psilocybe,Agaricales,0,4259.0,,,True,psilocybe__psilocybe_pelliculosa,31
Psilocybe pelliculosa,8298,8298,414090,443426.jpg,443426,173226,Psilocybe pelliculosa,http://mushroomobserver.org/images/320/443426,5202,2014-08-10 17:42:40,Fungi,Strophariaceae,5459396.0,SPECIES,Basidiomycota,1499.0,Psilocybe pelliculosa,98.0,186.0,EXACT,4186.0,ACCEPTED,5459396.0,5.0,2526775.0,Psilocybe pelliculosa,34.0,Agaricomycetes,False,"Psilocybe pelliculosa (A.H. Sm.) Singer & A.H. Sm., 1958",Psilocybe,Agaricales,0,10017.0,,,True,psilocybe__psilocybe_pelliculosa,31
Psilocybe pelliculosa,7492,7492,363138,388296.jpg,388296,153865,Psilocybe pelliculosa,http://mushroomobserver.org/images/320/388296,3610,2013-11-28 17:43:19,Fungi,Strophariaceae,5459396.0,SPECIES,Basidiomycota,1499.0,Psilocybe pelliculosa,98.0,186.0,EXACT,4186.0,ACCEPTED,5459396.0,5.0,2526775.0,Psilocybe pelliculosa,34.0,Agaricomycetes,False,"Psilocybe pelliculosa (A.H. Sm.) Singer & A.H. Sm., 1958",Psilocybe,Agaricales,1,2374.0,,,True,psilocybe__psilocybe_pelliculosa,31
Psilocybe semilanceata,5054,5054,264500,284878.jpg,284878,117487,Psilocybe semilanceata,http://mushroomobserver.org/images/320/284878,123,2012-11-21 05:50:08,Fungi,Strophariaceae,5242507.0,SPECIES,Basidiomycota,1499.0,Psilocybe semilanceata,98.0,186.0,EXACT,4186.0,ACCEPTED,5242507.0,5.0,2526775.0,Psilocybe semilanceata,34.0,Agaricomycetes,False,"Psilocybe semilanceata (Fr.) P. Kumm., 1871",Psilocybe,Agaricales,0,2161.0,,,True,psilocybe__psilocybe_semilanceata,33
Psilocybe semilanceata,521,521,12850,13237.jpg,13237,7481,Psilocybe semilanceata,http://mushroomobserver.org/images/320/13237,123,2008-05-10 05:05:57,Fungi,Strophariaceae,5242507.0,SPECIES,Basidiomycota,1499.0,Psilocybe semilanceata,98.0,186.0,EXACT,4186.0,ACCEPTED,5242507.0,5.0,2526775.0,Psilocybe semilanceata,34.0,Agaricomycetes,False,"Psilocybe semilanceata (Fr.) P. Kumm., 1871",Psilocybe,Agaricales,0,146.0,,,True,psilocybe__psilocybe_semilanceata,33
Psilocybe semilanceata,10067,10067,644290,678206.jpg,678206,/observer/show_observation/257896,Psilocybe semilanceata,http://mushroomobserver.org/images/320/678206,/observer/show_user/3610,2016-10-22,Fungi,Strophariaceae,5242507.0,SPECIES,Basidiomycota,1499.0,Psilocybe semilanceata,98.0,186.0,EXACT,4186.0,ACCEPTED,5242507.0,5.0,2526775.0,Psilocybe semilanceata,34.0,Agaricomycetes,False,"Psilocybe semilanceata (Fr.) P. Kumm., 1871",Psilocybe,Agaricales,0,/location/show_location/12641,,,True,psilocybe__psilocybe_semilanceata,33
Psilocybe semilanceata,899,899,28132,29295.jpg,29295,14272,Psilocybe semilanceata,http://mushroomobserver.org/images/320/29295,658,2008-11-16 18:32:11,Fungi,Strophariaceae,5242507.0,SPECIES,Basidiomycota,1499.0,Psilocybe semilanceata,98.0,186.0,EXACT,4186.0,ACCEPTED,5242507.0,5.0,2526775.0,Psilocybe semilanceata,34.0,Agaricomycetes,False,"Psilocybe semilanceata (Fr.) P. Kumm., 1871",Psilocybe,Agaricales,0,404.0,,,True,psilocybe__psilocybe_semilanceata,33
Psilocybe stuntzii,3468,3468,166359,179289.jpg,179289,81351,Psilocybe stuntzii,http://mushroomobserver.org/images/320/179289,564,2011-11-03 00:45:41,Fungi,Strophariaceae,5242543.0,SPECIES,Basidiomycota,1499.0,Psilocybe stuntzii,98.0,186.0,EXACT,4186.0,ACCEPTED,5242543.0,5.0,2526775.0,Psilocybe stuntzii,34.0,Agaricomycetes,False,"Psilocybe stuntzii Guzmán & J. Ott, 1977",Psilocybe,Agaricales,1,2026.0,,,True,psilocybe__psilocybe_stuntzii,37
Psilocybe stuntzii,8554,8554,442855,475560.jpg,475560,186078,Psilocybe stuntzii,http://mushroomobserver.org/images/320/475560,1290,2014-10-28 22:28:45,Fungi,Strophariaceae,5242543.0,SPECIES,Basidiomycota,1499.0,Psilocybe stuntzii,98.0,186.0,EXACT,4186.0,ACCEPTED,5242543.0,5.0,2526775.0,Psilocybe stuntzii,34.0,Agaricomycetes,False,"Psilocybe stuntzii Guzmán & J. Ott, 1977",Psilocybe,Agaricales,0,1302.0,,,True,psilocybe__psilocybe_stuntzii,37
Psilocybe stuntzii,7241,7241,359974,384835.jpg,384835,152122,Psilocybe stuntzii,http://mushroomobserver.org/images/320/384835,3610,2013-11-13 20:15:45,Fungi,Strophariaceae,5242543.0,SPECIES,Basidiomycota,1499.0,Psilocybe stuntzii,98.0,186.0,EXACT,4186.0,ACCEPTED,5242543.0,5.0,2526775.0,Psilocybe stuntzii,34.0,Agaricomycetes,False,"Psilocybe stuntzii Guzmán & J. Ott, 1977",Psilocybe,Agaricales,0,2392.0,,,True,psilocybe__psilocybe_stuntzii,37
Psilocybe stuntzii,8494,8494,438088,470571.jpg,470571,183586,Psilocybe stuntzii,http://mushroomobserver.org/images/320/470571,3610,2014-10-17 19:55:34,Fungi,Strophariaceae,5242543.0,SPECIES,Basidiomycota,1499.0,Psilocybe stuntzii,98.0,186.0,EXACT,4186.0,ACCEPTED,5242543.0,5.0,2526775.0,Psilocybe stuntzii,34.0,Agaricomycetes,False,"Psilocybe stuntzii Guzmán & J. Ott, 1977",Psilocybe,Agaricales,0,1367.0,,,True,psilocybe__psilocybe_stuntzii,37
Psilocybe subaeruginosa,7020,7020,358232,383050.jpg,383050,151454,Psilocybe subaeruginosa,http://mushroomobserver.org/images/320/383050,3610,2013-11-08 04:22:24,Fungi,Strophariaceae,5242498.0,SPECIES,Basidiomycota,1499.0,Psilocybe subaeruginosa,98.0,186.0,EXACT,4186.0,ACCEPTED,5242498.0,5.0,2526775.0,Psilocybe subaeruginosa,34.0,Agaricomycetes,False,"Psilocybe subaeruginosa Cleland, 1927",Psilocybe,Agaricales,0,8535.0,,,True,psilocybe__psilocybe_subaeruginosa,39
Psilocybe subaeruginosa,9017,9017,481964,517160.jpg,517160,203049,Psilocybe subaeruginosa,http://mushroomobserver.org/images/320/517160,1322,2015-04-19 23:55:59,Fungi,Strophariaceae,5242498.0,SPECIES,Basidiomycota,1499.0,Psilocybe subaeruginosa,98.0,186.0,EXACT,4186.0,ACCEPTED,5242498.0,5.0,2526775.0,Psilocybe subaeruginosa,34.0,Agaricomycetes,False,"Psilocybe subaeruginosa Cleland, 1927",Psilocybe,Agaricales,1,11448.0,,,True,psilocybe__psilocybe_subaeruginosa,39
Psilocybe subaeruginosa,594,594,14941,15343.jpg,15343,8282,Psilocybe subaeruginosa,http://mushroomobserver.org/images/320/15343,123,2008-07-09 04:42:23,Fungi,Strophariaceae,5242498.0,SPECIES,Basidiomycota,1499.0,Psilocybe subaeruginosa,98.0,186.0,EXACT,4186.0,ACCEPTED,5242498.0,5.0,2526775.0,Psilocybe subaeruginosa,34.0,Agaricomycetes,False,"Psilocybe subaeruginosa Cleland, 1927",Psilocybe,Agaricales,0,147.0,,,True,psilocybe__psilocybe_subaeruginosa,39
Psilocybe subaeruginosa,4127,4127,211916,229174.jpg,229174,97746,Psilocybe subaeruginosa,http://mushroomobserver.org/images/320/229174,3939,2012-06-19 12:37:37,Fungi,Strophariaceae,5242498.0,SPECIES,Basidiomycota,1499.0,Psilocybe subaeruginosa,98.0,186.0,EXACT,4186.0,ACCEPTED,5242498.0,5.0,2526775.0,Psilocybe subaeruginosa,34.0,Agaricomycetes,False,"Psilocybe subaeruginosa Cleland, 1927",Psilocybe,Agaricales,1,6971.0,,,True,psilocybe__psilocybe_subaeruginosa,39
Psilocybe yungensis,3189,3189,152192,218835.jpg,218835,74412,Psilocybe yungensis,http://mushroomobserver.org/images/320/218835,123,2011-08-22 18:51:00,Fungi,Strophariaceae,7243309.0,SPECIES,Basidiomycota,1499.0,Psilocybe yungensis,98.0,186.0,EXACT,4186.0,ACCEPTED,7243309.0,5.0,2526775.0,Psilocybe yungensis,34.0,Agaricomycetes,False,"Psilocybe yungensis Singer & A.H. Sm., 1958",Psilocybe,Agaricales,0,94.0,,,True,psilocybe__psilocybe_yungensis,46
Psilocybe yungensis,2196,2196,102175,108966.jpg,108966,54326,Psilocybe yungensis,http://mushroomobserver.org/images/320/108966,123,2010-10-02 04:29:27,Fungi,Strophariaceae,7243309.0,SPECIES,Basidiomycota,1499.0,Psilocybe yungensis,98.0,186.0,EXACT,4186.0,ACCEPTED,7243309.0,5.0,2526775.0,Psilocybe yungensis,34.0,Agaricomycetes,False,"Psilocybe yungensis Singer & A.H. Sm., 1958",Psilocybe,Agaricales,0,94.0,,,True,psilocybe__psilocybe_yungensis,46
Psilocybe yungensis,3169,3169,152140,171246.jpg,171246,74412,Psilocybe yungensis,http://mushroomobserver.org/images/320/171246,123,2011-08-22 18:51:00,Fungi,Strophariaceae,7243309.0,SPECIES,Basidiomycota,1499.0,Psilocybe yungensis,98.0,186.0,EXACT,4186.0,ACCEPTED,7243309.0,5.0,2526775.0,Psilocybe yungensis,34.0,Agaricomycetes,False,"Psilocybe yungensis Singer & A.H. Sm., 1958",Psilocybe,Agaricales,0,94.0,,,True,psilocybe__psilocybe_yungensis,46
Psilocybe yungensis,6507,6507,339661,363677.jpg,363677,144541,Psilocybe yungensis,http://mushroomobserver.org/images/320/363677,123,2013-09-03 08:02:39,Fungi,Strophariaceae,7243309.0,SPECIES,Basidiomycota,1499.0,Psilocybe yungensis,98.0,186.0,EXACT,4186.0,ACCEPTED,7243309.0,5.0,2526775.0,Psilocybe yungensis,34.0,Agaricomycetes,False,"Psilocybe yungensis Singer & A.H. Sm., 1958",Psilocybe,Agaricales,0,2132.0,,,True,psilocybe__psilocybe_yungensis,46
Psilocybe zapotecorum,719,719,18892,19567.jpg,19567,10380,Psilocybe zapotecorum,http://mushroomobserver.org/images/320/19567,123,2008-09-04 05:18:11,Fungi,Strophariaceae,5242545.0,SPECIES,Basidiomycota,1499.0,Psilocybe zapotecorum,98.0,186.0,EXACT,4186.0,ACCEPTED,5242545.0,5.0,2526775.0,Psilocybe zapotecorum,34.0,Agaricomycetes,False,"Psilocybe zapotecorum R. Heim, 1957",Psilocybe,Agaricales,0,1219.0,,,True,psilocybe__psilocybe_zapotecorum,48
Psilocybe zapotecorum,2380,2380,107548,114751.jpg,114751,56642,Psilocybe zapotecorum,http://mushroomobserver.org/images/320/114751,123,2010-10-26 01:38:16,Fungi,Strophariaceae,5242545.0,SPECIES,Basidiomycota,1499.0,Psilocybe zapotecorum,98.0,186.0,EXACT,4186.0,ACCEPTED,5242545.0,5.0,2526775.0,Psilocybe zapotecorum,34.0,Agaricomycetes,False,"Psilocybe zapotecorum R. Heim, 1957",Psilocybe,Agaricales,0,94.0,,,True,psilocybe__psilocybe_zapotecorum,48
Psilocybe zapotecorum,3582,3582,171980,218831.jpg,218831,83315,Psilocybe zapotecorum,http://mushroomobserver.org/images/320/218831,123,2011-11-26 07:41:35,Fungi,Strophariaceae,5242545.0,SPECIES,Basidiomycota,1499.0,Psilocybe zapotecorum,98.0,186.0,EXACT,4186.0,ACCEPTED,5242545.0,5.0,2526775.0,Psilocybe zapotecorum,34.0,Agaricomycetes,False,"Psilocybe zapotecorum R. Heim, 1957",Psilocybe,Agaricales,0,94.0,,,True,psilocybe__psilocybe_zapotecorum,48
Psilocybe zapotecorum,716,716,18889,19564.jpg,19564,10380,Psilocybe zapotecorum,http://mushroomobserver.org/images/320/19564,123,2008-09-04 05:18:11,Fungi,Strophariaceae,5242545.0,SPECIES,Basidiomycota,1499.0,Psilocybe zapotecorum,98.0,186.0,EXACT,4186.0,ACCEPTED,5242545.0,5.0,2526775.0,Psilocybe zapotecorum,34.0,Agaricomycetes,False,"Psilocybe zapotecorum R. Heim, 1957",Psilocybe,Agaricales,0,1219.0,,,True,psilocybe__psilocybe_zapotecorum,48
